[
  {
    "id": "cust-1",
    "name": "Công ty TNHH ABC Paint",
    "industry": "Sản xuất",
    "contactPerson": "Nguyễn Văn A",
    "email": "contact@abcpaint.com",
    "phone": "0901234567",
    "address": "Hà Nội",
    "status": "potential",
    "assignedTo": "emp-1",
    "assignedToName": "Nguyễn Văn Nam",
    "estimatedValue": 500000000,
    "notes": "Khách hàng quan tâm đến sơn công nghiệp",
    "createdAt": "2024-01-10",
    "lastContact": "2024-01-15",
    "source": "Website",
    "priority": "high"
  },
  {
    "id": "cust-2",
    "name": "Khách sạn XYZ Resort",
    "industry": "Du lịch",
    "contactPerson": "Trần Thị B",
    "email": "manager@xyzresort.com",
    "phone": "0907654321",
    "address": "Đà Nẵng",
    "status": "consulting",
    "assignedTo": "emp-2",
    "assignedToName": "Trần Thị Lan",
    "estimatedValue": 800000000,
    "notes": "Đang tư vấn sơn cho dự án mở rộng",
    "createdAt": "2024-01-05",
    "lastContact": "2024-01-14",
    "source": "Giới thiệu",
    "priority": "high"
  },
  {
    "id": "cust-3",
    "name": "Nhà máy DEF Industries",
    "industry": "Công nghiệp",
    "contactPerson": "Lê Văn C",
    "email": "purchasing@defindustries.com",
    "phone": "0912345678",
    "address": "TP.HCM",
    "status": "customer",
    "assignedTo": "emp-1",
    "assignedToName": "Nguyễn Văn Nam",
    "estimatedValue": 1200000000,
    "notes": "Khách hàng đã ký hợp đồng, đang trong giai đoạn thực hiện",
    "createdAt": "2023-12-20",
    "lastContact": "2024-01-12",
    "source": "Cold Call",
    "priority": "medium"
  }
]