[
  {
    "id": "task-1",
    "title": "Tư vấn sơn cho khách hàng ABC Paint",
    "description": "Liên hệ và tư vấn loại sơn phù hợp cho dự án nhà máy. Cần phân tích yêu cầu và đưa ra báo giá chi tiết.",
    "status": "in-progress",
    "priority": "high",
    "isPriorityMarked": true,
    "deadline": "2024-01-20",
    "assignees": ["emp-1"],
    "assigneeNames": ["Nguyễn Văn Nam"],
    "relatedPersons": ["emp-2"],
    "relatedPersonNames": ["Trần Thị Lan"],
    "tags": ["tư vấn", "báo giá", "khách hàng"],
    "category": "Kinh doanh",
    "createdBy": "admin-1",
    "createdByName": "Tuấn Anh - Admin",
    "createdAt": "2024-01-15",
    "estimatedHours": 8,
    "actualHours": 5,
    "attachments": [],
    "comments": [
      {
        "id": "comment-1",
        "author": "Nguyễn Văn Nam",
        "content": "��ã liên hệ khách hàng, họ quan tâm đến sơn chống ăn mòn",
        "timestamp": "2024-01-16 09:30"
      }
    ]
  },
  {
    "id": "task-2",
    "title": "Cập nhật website với sản phẩm mới",
    "description": "Thêm thông tin sản phẩm sơn mới vào website công ty. Bao gồm hình ảnh, mô tả và thông số kỹ thuật.",
    "status": "pending",
    "priority": "medium",
    "isPriorityMarked": false,
    "deadline": "2024-01-25",
    "assignees": ["emp-2"],
    "assigneeNames": ["Trần Thị Lan"],
    "relatedPersons": ["emp-3"],
    "relatedPersonNames": ["Lê Văn Phong"],
    "tags": ["website", "marketing", "sản phẩm"],
    "category": "Marketing",
    "createdBy": "admin-1",
    "createdByName": "Tuấn Anh - Admin",
    "createdAt": "2024-01-14",
    "estimatedHours": 6,
    "attachments": [],
    "comments": []
  },
  {
    "id": "task-3",
    "title": "Báo cáo doanh thu tháng 1",
    "description": "Tổng hợp và phân tích doanh thu tháng 1. So sánh với cùng kỳ năm trước và đưa ra nhận xét.",
    "status": "completed",
    "priority": "high",
    "isPriorityMarked": true,
    "deadline": "2024-01-31",
    "assignees": ["emp-1"],
    "assigneeNames": ["Nguyễn Văn Nam"],
    "relatedPersons": [],
    "relatedPersonNames": [],
    "tags": ["báo cáo", "doanh thu", "phân tích"],
    "category": "Quản lý",
    "createdBy": "admin-1",
    "createdByName": "Tuấn Anh - Admin",
    "createdAt": "2024-01-10",
    "completedAt": "2024-01-30",
    "estimatedHours": 4,
    "actualHours": 3,
    "attachments": ["bao-cao-doanh-thu-t1.pdf"],
    "comments": []
  }
]